Metric,Value
Average Views,213850.42847056268
Peak Views,902078.0
Average Like Rate (%),26.85294945369093
